<?xml version="1.0" encoding="UTF-8" ?>

<!--mybatis的配置文件-->
<configuration>
	<!-- 这里写配置内容 -->
    <environments default="mysql">
<!--        配置mysql环境-->
        <environment id="mysql">
<!--            配置事务类型-->
            <transactionManager type="JDBC"></transactionManager>
<!--            配置数据源(连接池)-->
            <dataSource type="POOLED">
<!--                配置连接数据库的4个基本信息-->
                <property name="driver" value="com.mysql.jdbc.Driver"/>
                <property name="url" value="jdbc:mysql://mannozzz.icu/eesy"/>
                <property name="username" value="manno"/>
                <property name="password" value="123"/>
            </dataSource>
        </environment>
    </environments>

<!--    指定映射配置文件(每个dao独立的配置文件)的位置
如果是用注解的话，此处使用class属性指定被注解的dao的全限定类名-->
    <mappers>
<!--        <mapper resource="com/manno/dao/UserDao.xml"></mapper>-->
<!--        <mapper resource="com/manno/dao/UserDao.xml"/>-->
        <mapper class="com.manno.dao.UserDao"></mapper>
    </mappers>
</configuration>